metrica,grupo,carga,protocolo,media,desvio,n
app_lat_p50_ms,app,10,mqtt,1.312667,0.015003,3
app_lat_p50_ms,app,10,http,4.288633,0.196549,3
app_lat_p50_ms,app,10,coap,6.714767,0.167166,3
app_lat_p50_ms,app,20,mqtt,1.379333,0.018463,3
app_lat_p50_ms,app,20,http,4.810400,0.172348,3
app_lat_p50_ms,app,20,coap,7.472333,0.780110,3
app_lat_p50_ms,app,30,mqtt,1.435700,0.034586,3
app_lat_p50_ms,app,30,http,3.885700,0.175968,3
app_lat_p50_ms,app,30,coap,6.508667,0.108552,3
app_lat_p50_ms,app,40,mqtt,1.404267,0.023035,3
app_lat_p50_ms,app,40,http,3.906800,0.046481,3
app_lat_p50_ms,app,40,coap,6.332100,0.442381,3
app_lat_p50_ms,app,50,mqtt,1.519867,0.019147,3
app_lat_p50_ms,app,50,http,3.818133,0.044523,3
app_lat_p50_ms,app,50,coap,6.126267,0.572330,3
app_lat_p90_ms,app,10,mqtt,2.093600,0.096250,3
app_lat_p90_ms,app,10,http,8.375533,1.474093,3
app_lat_p90_ms,app,10,coap,12.895367,1.281305,3
app_lat_p90_ms,app,20,mqtt,2.602700,0.403224,3
app_lat_p90_ms,app,20,http,9.416367,0.903840,3
app_lat_p90_ms,app,20,coap,16.746967,4.115810,3
app_lat_p90_ms,app,30,mqtt,3.944033,0.888421,3
app_lat_p90_ms,app,30,http,8.096767,0.742363,3
app_lat_p90_ms,app,30,coap,14.540600,2.128538,3
app_lat_p90_ms,app,40,mqtt,5.836200,2.460780,3
app_lat_p90_ms,app,40,http,20.631033,13.759416,3
app_lat_p90_ms,app,40,coap,16.255667,3.471504,3
app_lat_p90_ms,app,50,mqtt,111.727233,91.177733,3
app_lat_p90_ms,app,50,http,1028.063467,6.086834,3
app_lat_p90_ms,app,50,coap,21.424300,5.347843,3
app_lat_p99_ms,app,10,mqtt,3.428224,0.819899,3
app_lat_p99_ms,app,10,http,13.387619,2.804711,3
app_lat_p99_ms,app,10,coap,18.018841,3.325011,3
app_lat_p99_ms,app,20,mqtt,4.313071,0.727036,3
app_lat_p99_ms,app,20,http,14.021050,1.135378,3
app_lat_p99_ms,app,20,coap,23.561608,1.203841,3
app_lat_p99_ms,app,30,mqtt,111.495000,57.779886,3
app_lat_p99_ms,app,30,http,1197.151629,157.986300,3
app_lat_p99_ms,app,30,coap,645.318207,70.616722,3
app_lat_p99_ms,app,40,mqtt,260.318305,80.405740,3
app_lat_p99_ms,app,40,http,1505.603214,431.418687,3
app_lat_p99_ms,app,40,coap,1048.106089,125.610367,3
app_lat_p99_ms,app,50,mqtt,463.059248,40.594067,3
app_lat_p99_ms,app,50,http,2200.938991,196.173536,3
app_lat_p99_ms,app,50,coap,1882.579984,308.645875,3
app_lat_p99_ms_all,app,10,mqtt,4.366800,1.317536,3
app_lat_p99_ms_all,app,10,http,39.432100,4.820007,3
app_lat_p99_ms_all,app,10,coap,39.313900,20.730938,3
app_lat_p99_ms_all,app,20,mqtt,7.421167,2.451436,3
app_lat_p99_ms_all,app,20,http,38.550900,5.265941,3
app_lat_p99_ms_all,app,20,coap,54.602967,12.184377,3
app_lat_p99_ms_all,app,30,mqtt,214.285733,6.492814,3
app_lat_p99_ms_all,app,30,http,1739.683700,533.465125,3
app_lat_p99_ms_all,app,30,coap,1907.879067,722.432248,3
app_lat_p99_ms_all,app,40,mqtt,483.433367,111.363990,3
app_lat_p99_ms_all,app,40,http,3816.420533,2525.827495,3
app_lat_p99_ms_all,app,40,coap,2693.560767,114.571691,3
app_lat_p99_ms_all,app,50,mqtt,708.624200,108.749358,3
app_lat_p99_ms_all,app,50,http,4350.931000,1.137184,3
app_lat_p99_ms_all,app,50,coap,2923.556333,22.722958,3
app_goodput_media_kbps,app,10,mqtt,1.622667,0.000169,3
app_goodput_media_kbps,app,10,http,1.544221,0.032841,3
app_goodput_media_kbps,app,10,coap,1.622131,0.000809,3
app_goodput_media_kbps,app,20,mqtt,3.247232,0.002816,3
app_goodput_media_kbps,app,20,http,3.079832,0.030461,3
app_goodput_media_kbps,app,20,coap,3.238338,0.001162,3
app_goodput_media_kbps,app,30,mqtt,16.521323,2.172618,3
app_goodput_media_kbps,app,30,http,6.680672,0.381827,3
app_goodput_media_kbps,app,30,coap,7.439469,0.191933,3
app_goodput_media_kbps,app,40,mqtt,15.685386,8.323495,3
app_goodput_media_kbps,app,40,http,9.892005,0.466815,3
app_goodput_media_kbps,app,40,coap,8.105730,1.737199,3
app_goodput_media_kbps,app,50,mqtt,33.356519,1.827255,3
app_goodput_media_kbps,app,50,http,9.086671,0.582507,3
app_goodput_media_kbps,app,50,coap,9.688569,1.109501,3
app_goodput_sustentado_kbps,app,10,mqtt,1.677433,0.000058,3
app_goodput_sustentado_kbps,app,10,http,1.615967,0.021586,3
app_goodput_sustentado_kbps,app,10,coap,1.676533,0.000896,3
app_goodput_sustentado_kbps,app,20,mqtt,3.352800,0.001277,3
app_goodput_sustentado_kbps,app,20,http,3.165333,0.040259,3
app_goodput_sustentado_kbps,app,20,coap,3.349700,0.000872,3
app_goodput_sustentado_kbps,app,30,mqtt,4.955667,0.106060,3
app_goodput_sustentado_kbps,app,30,http,4.704000,0.035945,3
app_goodput_sustentado_kbps,app,30,coap,4.739467,0.080888,3
app_goodput_sustentado_kbps,app,40,mqtt,6.545733,0.090620,3
app_goodput_sustentado_kbps,app,40,http,6.276700,0.069877,3
app_goodput_sustentado_kbps,app,40,coap,6.443667,0.095429,3
app_goodput_sustentado_kbps,app,50,mqtt,8.083933,0.176557,3
app_goodput_sustentado_kbps,app,50,http,7.700567,0.152306,3
app_goodput_sustentado_kbps,app,50,coap,7.774133,0.287917,3
app_msgs_total,app,10,mqtt,660.000000,0.000000,3
app_msgs_total,app,10,http,640.000000,34.641016,3
app_msgs_total,app,10,coap,660.000000,0.000000,3
app_msgs_total,app,20,mqtt,1380.000000,0.000000,3
app_msgs_total,app,20,http,1273.333333,23.094011,3
app_msgs_total,app,20,coap,1380.000000,0.000000,3
app_msgs_total,app,30,mqtt,2020.000000,34.641016,3
app_msgs_total,app,30,http,1913.333333,11.547005,3
app_msgs_total,app,30,coap,1920.000000,60.000000,3
app_msgs_total,app,40,mqtt,2660.000000,34.641016,3
app_msgs_total,app,40,http,2560.000000,34.641016,3
app_msgs_total,app,40,coap,2620.000000,34.641016,3
app_msgs_total,app,50,mqtt,3280.000000,91.651514,3
app_msgs_total,app,50,http,3140.000000,69.282032,3
app_msgs_total,app,50,coap,3180.000000,103.923048,3
app_perda_pct,app,10,mqtt,0.000000,0.000000,3
app_perda_pct,app,10,http,3.333333,1.461065,3
app_perda_pct,app,10,coap,0.000000,0.000000,3
app_perda_pct,app,20,mqtt,0.000000,0.000000,3
app_perda_pct,app,20,http,4.411111,0.882020,3
app_perda_pct,app,20,coap,0.000000,0.000000,3
app_perda_pct,app,30,mqtt,0.000000,0.000000,3
app_perda_pct,app,30,http,2.301111,0.415697,3
app_perda_pct,app,30,coap,0.000000,0.000000,3
app_perda_pct,app,40,mqtt,0.000000,0.000000,3
app_perda_pct,app,40,http,2.006667,0.294845,3
app_perda_pct,app,40,coap,0.000000,0.000000,3
app_perda_pct,app,50,mqtt,0.000000,0.000000,3
app_perda_pct,app,50,http,1.298889,0.964580,3
app_perda_pct,app,50,coap,0.000000,0.000000,3
det_acuracia_pct,det,10,mqtt,80.870000,0.000000,3
det_acuracia_pct,det,10,http,80.870000,0.000000,3
det_acuracia_pct,det,10,coap,80.870000,0.000000,3
det_acuracia_pct,det,20,mqtt,80.870000,0.000000,3
det_acuracia_pct,det,20,http,80.870000,0.000000,3
det_acuracia_pct,det,20,coap,80.870000,0.000000,3
det_acuracia_pct,det,30,mqtt,81.093333,0.282902,3
det_acuracia_pct,det,30,http,80.870000,0.137477,3
det_acuracia_pct,det,30,coap,80.870000,0.183303,3
det_acuracia_pct,det,40,mqtt,80.810000,0.170587,3
det_acuracia_pct,det,40,http,80.900000,0.040000,3
det_acuracia_pct,det,40,coap,80.833333,0.025166,3
det_acuracia_pct,det,50,mqtt,81.376667,0.073711,3
det_acuracia_pct,det,50,http,81.090000,0.225389,3
det_acuracia_pct,det,50,coap,81.256667,0.115036,3
det_classe_0_taxa_pct,det,10,mqtt,77.270000,0.000000,3
det_classe_0_taxa_pct,det,10,http,77.270000,0.000000,3
det_classe_0_taxa_pct,det,10,coap,77.270000,0.000000,3
det_classe_0_taxa_pct,det,20,mqtt,82.980000,0.000000,3
det_classe_0_taxa_pct,det,20,http,82.980000,0.000000,3
det_classe_0_taxa_pct,det,20,coap,82.980000,0.000000,3
det_classe_0_taxa_pct,det,30,mqtt,87.836667,0.165025,3
det_classe_0_taxa_pct,det,30,http,88.076667,0.704367,3
det_classe_0_taxa_pct,det,30,coap,88.783333,0.092376,3
det_classe_0_taxa_pct,det,40,mqtt,83.890000,0.248797,3
det_classe_0_taxa_pct,det,40,http,83.500000,0.294449,3
det_classe_0_taxa_pct,det,40,coap,83.556667,0.353883,3
det_classe_0_taxa_pct,det,50,mqtt,84.003333,0.178979,3
det_classe_0_taxa_pct,det,50,http,83.426667,0.167432,3
det_classe_0_taxa_pct,det,50,coap,83.413333,0.971717,3
det_classe_1_taxa_pct,det,10,mqtt,61.020000,0.000000,3
det_classe_1_taxa_pct,det,10,http,61.020000,0.000000,3
det_classe_1_taxa_pct,det,10,coap,61.020000,0.000000,3
det_classe_1_taxa_pct,det,20,mqtt,52.590000,0.000000,3
det_classe_1_taxa_pct,det,20,http,52.590000,0.000000,3
det_classe_1_taxa_pct,det,20,coap,52.590000,0.000000,3
det_classe_1_taxa_pct,det,30,mqtt,52.943333,0.375278,3
det_classe_1_taxa_pct,det,30,http,52.430000,0.260000,3
det_classe_1_taxa_pct,det,30,coap,52.243333,0.696372,3
det_classe_1_taxa_pct,det,40,mqtt,55.963333,0.595343,3
det_classe_1_taxa_pct,det,40,http,55.946667,0.288675,3
det_classe_1_taxa_pct,det,40,coap,56.023333,0.489932,3
det_classe_1_taxa_pct,det,50,mqtt,57.240000,0.335112,3
det_classe_1_taxa_pct,det,50,http,56.806667,0.845005,3
det_classe_1_taxa_pct,det,50,coap,56.933333,0.480139,3
det_classe_2_taxa_pct,det,10,mqtt,44.830000,0.000000,3
det_classe_2_taxa_pct,det,10,http,44.830000,0.000000,3
det_classe_2_taxa_pct,det,10,coap,44.830000,0.000000,3
det_classe_2_taxa_pct,det,20,mqtt,53.850000,0.000000,3
det_classe_2_taxa_pct,det,20,http,53.850000,0.000000,3
det_classe_2_taxa_pct,det,20,coap,53.850000,0.000000,3
det_classe_2_taxa_pct,det,30,mqtt,55.906667,1.449149,3
det_classe_2_taxa_pct,det,30,http,56.220000,0.866025,3
det_classe_2_taxa_pct,det,30,coap,54.516667,3.011417,3
det_classe_2_taxa_pct,det,40,mqtt,54.180000,0.221133,3
det_classe_2_taxa_pct,det,40,http,54.550000,0.346410,3
det_classe_2_taxa_pct,det,40,coap,54.346667,0.495008,3
det_classe_2_taxa_pct,det,50,mqtt,54.320000,1.305029,3
det_classe_2_taxa_pct,det,50,http,54.710000,0.211660,3
det_classe_2_taxa_pct,det,50,coap,54.573333,0.414045,3
det_classe_3_taxa_pct,det,10,mqtt,100.000000,0.000000,3
det_classe_3_taxa_pct,det,10,http,100.000000,0.000000,3
det_classe_3_taxa_pct,det,10,coap,100.000000,0.000000,3
det_classe_3_taxa_pct,det,20,mqtt,99.590000,0.000000,3
det_classe_3_taxa_pct,det,20,http,99.590000,0.000000,3
det_classe_3_taxa_pct,det,20,coap,99.590000,0.000000,3
det_classe_3_taxa_pct,det,30,mqtt,99.526667,0.158850,3
det_classe_3_taxa_pct,det,30,http,99.610000,0.164621,3
det_classe_3_taxa_pct,det,30,coap,99.603333,0.167432,3
det_classe_3_taxa_pct,det,40,mqtt,99.556667,0.005774,3
det_classe_3_taxa_pct,det,40,http,99.773333,0.005774,3
det_classe_3_taxa_pct,det,40,coap,99.700000,0.138564,3
det_classe_3_taxa_pct,det,50,mqtt,99.010000,0.105830,3
det_classe_3_taxa_pct,det,50,http,99.100000,0.180000,3
det_classe_3_taxa_pct,det,50,coap,99.086667,0.032146,3
sta_rssi_media_dbm,sta,10,mqtt,-46.700000,0.624500,3
sta_rssi_media_dbm,sta,10,http,-46.466667,0.230940,3
sta_rssi_media_dbm,sta,10,coap,-46.666667,0.404145,3
sta_rssi_media_dbm,sta,20,mqtt,-47.100000,0.050000,3
sta_rssi_media_dbm,sta,20,http,-46.683333,0.550757,3
sta_rssi_media_dbm,sta,20,coap,-46.433333,0.332916,3
sta_rssi_media_dbm,sta,30,mqtt,-46.889272,0.126856,3
sta_rssi_media_dbm,sta,30,http,-46.744444,0.096225,3
sta_rssi_media_dbm,sta,30,coap,-46.988889,0.157527,3
sta_rssi_media_dbm,sta,40,mqtt,-46.873932,0.075023,3
sta_rssi_media_dbm,sta,40,http,-46.666667,0.187639,3
sta_rssi_media_dbm,sta,40,coap,-46.933333,0.308558,3
sta_rssi_media_dbm,sta,50,mqtt,-46.560000,0.202978,3
sta_rssi_media_dbm,sta,50,http,-46.800000,0.072111,3
sta_rssi_media_dbm,sta,50,coap,-46.806667,0.041633,3
sta_bitrate_media_mbps,sta,10,mqtt,49.480650,0.000000,3
sta_bitrate_media_mbps,sta,10,http,47.243305,0.074807,3
sta_bitrate_media_mbps,sta,10,coap,46.156802,0.320439,3
sta_bitrate_media_mbps,sta,20,mqtt,50.693415,0.131525,3
sta_bitrate_media_mbps,sta,20,http,48.072297,0.025137,3
sta_bitrate_media_mbps,sta,20,coap,47.806187,0.504595,3
sta_bitrate_media_mbps,sta,30,mqtt,50.496179,0.174559,3
sta_bitrate_media_mbps,sta,30,http,48.109785,0.270568,3
sta_bitrate_media_mbps,sta,30,coap,46.401922,0.715107,3
sta_bitrate_media_mbps,sta,40,mqtt,50.531855,0.105808,3
sta_bitrate_media_mbps,sta,40,http,47.947841,0.498469,3
sta_bitrate_media_mbps,sta,40,coap,47.722955,0.665751,3
sta_bitrate_media_mbps,sta,50,mqtt,49.697161,1.062700,3
sta_bitrate_media_mbps,sta,50,http,48.796200,0.258408,3
sta_bitrate_media_mbps,sta,50,coap,47.037630,1.473684,3
sta_retries,sta,10,mqtt,0.000000,0.000000,3
sta_retries,sta,10,http,0.000000,0.000000,3
sta_retries,sta,10,coap,0.000000,0.000000,3
sta_retries,sta,20,mqtt,0.000000,0.000000,3
sta_retries,sta,20,http,0.000000,0.000000,3
sta_retries,sta,20,coap,0.000000,0.000000,3
sta_retries,sta,30,mqtt,0.000000,0.000000,3
sta_retries,sta,30,http,0.000000,0.000000,3
sta_retries,sta,30,coap,0.000000,0.000000,3
sta_retries,sta,40,mqtt,0.000000,0.000000,3
sta_retries,sta,40,http,0.000000,0.000000,3
sta_retries,sta,40,coap,0.000000,0.000000,3
sta_retries,sta,50,mqtt,0.000000,0.000000,3
sta_retries,sta,50,http,0.000000,0.000000,3
sta_retries,sta,50,coap,0.000000,0.000000,3
sta_failed,sta,10,mqtt,0.000000,0.000000,3
sta_failed,sta,10,http,0.000000,0.000000,3
sta_failed,sta,10,coap,0.000000,0.000000,3
sta_failed,sta,20,mqtt,0.000000,0.000000,3
sta_failed,sta,20,http,0.000000,0.000000,3
sta_failed,sta,20,coap,0.000000,0.000000,3
sta_failed,sta,30,mqtt,0.000000,0.000000,3
sta_failed,sta,30,http,0.000000,0.000000,3
sta_failed,sta,30,coap,0.000000,0.000000,3
sta_failed,sta,40,mqtt,0.000000,0.000000,3
sta_failed,sta,40,http,0.000000,0.000000,3
sta_failed,sta,40,coap,0.000000,0.000000,3
sta_failed,sta,50,mqtt,0.000000,0.000000,3
sta_failed,sta,50,http,0.000000,0.000000,3
sta_failed,sta,50,coap,0.000000,0.000000,3
sta_beacon_loss,sta,10,mqtt,0.000000,0.000000,3
sta_beacon_loss,sta,10,http,0.000000,0.000000,3
sta_beacon_loss,sta,10,coap,0.000000,0.000000,3
sta_beacon_loss,sta,20,mqtt,0.000000,0.000000,3
sta_beacon_loss,sta,20,http,0.000000,0.000000,3
sta_beacon_loss,sta,20,coap,0.000000,0.000000,3
sta_beacon_loss,sta,30,mqtt,0.000000,0.000000,3
sta_beacon_loss,sta,30,http,0.000000,0.000000,3
sta_beacon_loss,sta,30,coap,0.000000,0.000000,3
sta_beacon_loss,sta,40,mqtt,0.000000,0.000000,3
sta_beacon_loss,sta,40,http,0.000000,0.000000,3
sta_beacon_loss,sta,40,coap,0.000000,0.000000,3
sta_beacon_loss,sta,50,mqtt,0.000000,0.000000,3
sta_beacon_loss,sta,50,http,0.000000,0.000000,3
sta_beacon_loss,sta,50,coap,0.000000,0.000000,3
broker_clients,broker,10,mqtt,14.000000,0.000000,3
broker_clients,broker,10,http,3.000000,0.000000,3
broker_clients,broker,10,coap,3.000000,0.000000,3
broker_clients,broker,20,mqtt,24.000000,0.000000,3
broker_clients,broker,20,http,3.000000,0.000000,3
broker_clients,broker,20,coap,3.000000,0.000000,3
broker_clients,broker,30,mqtt,33.666667,0.577350,3
broker_clients,broker,30,http,3.000000,0.000000,3
broker_clients,broker,30,coap,3.000000,0.000000,3
broker_clients,broker,40,mqtt,43.666667,0.577350,3
broker_clients,broker,40,http,3.000000,0.000000,3
broker_clients,broker,40,coap,3.000000,0.000000,3
broker_clients,broker,50,mqtt,53.333333,1.154701,3
broker_clients,broker,50,http,3.000000,0.000000,3
broker_clients,broker,50,coap,3.000000,0.000000,3
broker_rx_kbps,broker,10,mqtt,1.733487,0.000041,3
broker_rx_kbps,broker,10,http,1.599145,0.000096,3
broker_rx_kbps,broker,10,coap,1.599264,0.000203,3
broker_rx_kbps,broker,20,mqtt,3.470951,0.000095,3
broker_rx_kbps,broker,20,http,3.201140,0.000166,3
broker_rx_kbps,broker,20,coap,3.201315,0.000255,3
broker_rx_kbps,broker,30,mqtt,5.158255,0.099971,3
broker_rx_kbps,broker,30,http,4.796543,0.015271,3
broker_rx_kbps,broker,30,coap,4.632929,0.086098,3
broker_rx_kbps,broker,40,mqtt,6.900321,0.099680,3
broker_rx_kbps,broker,40,http,6.391963,0.008980,3
broker_rx_kbps,broker,40,coap,6.347485,0.122637,3
broker_rx_kbps,broker,50,mqtt,8.149008,1.212768,3
broker_rx_kbps,broker,50,http,7.901637,0.034950,3
broker_rx_kbps,broker,50,coap,7.722713,0.281250,3
broker_tx_kbps,broker,10,mqtt,6.205234,0.000124,3
broker_tx_kbps,broker,10,http,4.668028,0.058729,3
broker_tx_kbps,broker,10,coap,4.797793,0.000610,3
broker_tx_kbps,broker,20,mqtt,11.429659,0.002193,3
broker_tx_kbps,broker,20,http,9.213508,0.080798,3
broker_tx_kbps,broker,20,coap,9.603945,0.000764,3
broker_tx_kbps,broker,30,mqtt,16.475453,0.294445,3
broker_tx_kbps,broker,30,http,14.032221,0.003236,3
broker_tx_kbps,broker,30,coap,13.898786,0.258294,3
broker_tx_kbps,broker,40,mqtt,21.675272,0.296496,3
broker_tx_kbps,broker,40,http,18.860230,0.077318,3
broker_tx_kbps,broker,40,coap,19.042455,0.367912,3
broker_tx_kbps,broker,50,mqtt,25.388973,3.677716,3
broker_tx_kbps,broker,50,http,23.286170,0.316594,3
broker_tx_kbps,broker,50,coap,23.168138,0.843750,3
